{"episode_types": ["t"], "timestamps": [1558987858.4887471], "episode_rewards": [-163.3336853903365], "episode_lengths": [75], "initial_reset_timestamp": 1558987853.0207114}