{"episode_types": ["t"], "timestamps": [1558988038.1276507], "episode_rewards": [-154.5703848247394], "episode_lengths": [70], "initial_reset_timestamp": 1558988033.0798252}